Chinese Characters,Yale Tone Marks
的,dīk
一,yāt
是,sih
不,bāt
人,yàhn
有,yáuh
在,joih
了,líuh
我,ngóh
中,jūng
大,daaih
個,go
這,jéh
會,wuih/wúi/wúih
他,tā
為,wàih/waih
上,seuhng/séuhng
來,lòih
以,yíh
時,sìh
國,gwok
可,hó
要,yiu
出,chēut
到,dou/dóu
也,yáh
之,jī
年,nìhn
得,dāk
而,yìh
們,mùhn
過,gwo
地,deih
說,syut
多,dō
對,deui
自,jih
和,wòh
作,jok
生,sāng/sāang
十,sahp
下,hah
然,yìhn
能,nàhng
後,hauh
就,jauh
那,náh
方,fōng
家,gā
政,jing
於,yū
港,góng
著,jeuk/jeuhk
子,jí
都,dōu
成,sìhng
事,sih
如,yùh
但,daahn
去,heui
心,sām
好,hóu
民,màhn
行,hàhng/hàahng/hòhng
用,yuhng
天,tīn
本,bún
經,gīng
所,só
無,mòuh
學,hohk
分,fān/fahn
外,ngoih
小,síu
發,faat
面,mihn/mín
當,dōng/dong
其,kèih
意,yi
只,jí
日,yaht
情,chìhng
前,chìhn
麼,mō
沒,muht
現,yihn
因,yān
看,hon/hōn
同,tùhng
三,sāam
法,faat
你,néih
主,jyú
與,yúh
工,gūng
已,yíh
開,hōi
者,jé
及,kahp
些,sē
最,jeui
定,dihng
理,léih
又,yauh
實,saht
二,yih
公,gūng
她,tā
起,héi
想,séung
還,wàahn
此,chí
女,néuih
力,lihk
間,gāan/gaan
道,douh
香,hēung
由,yàuh
樣,yeuhng/yéung
問,mahn
動,duhng
種,júng/jung
兩,léuhng
九,gáu
很,hán
表,bíu
高,gōu
點,dím
長,chèuhng/jéung
加,gā
美,méih
知,jī
從,chùhng
應,yīng/ying
新,sān
性,sing
便,bihn/bín/pìhn
或,waahk
明,mìhng
見,gin
五,ńgh
文,màhn
至,ji
頭,tàuh
度,douh/dohk
重,chúhng/chùhng/juhng
水,séui
場,chèuhng
己,géi
機,gēi
內,noih
手,sáu
市,síh
員,yùhn
更,gang/gāang/gāng
將,jēung
四,sei
正,jing/jeng
進,jeun
全,chyùhn
相,sēung/séung/seung
百,baak
身,sān
代,doih
關,gwāan
把,bá
次,chi
合,hahp
選,syún
受,sauh
回,wùih
等,dáng
少,síu/siu
感,gám
部,bouh
再,joi
並,bihng
睿,yeuih
議,yíh
真,jān
向,heung
使,sí/sái
做,jouh
府,fú
業,yihp
果,gwó
月,yuht
入,yahp
才,chòih
位,waih/wái
立,lahp/laahp
物,maht
題,tàih
氣,hei
甚,sahm
制,jai
老,lóuh
話,wah/wá
風,fūng
共,guhng
利,leih
反,fáan
被,beih/péih
平,pìhng/pèhng
名,mìhng/méng/mèhng
目,muhk
則,jāk
變,bin
每,múih
樂,lohk/ngohk
體,tái
別,biht
數,sou/sóu
走,jáu
七,chāt
何,hòh
像,jeuhng
期,kèih
認,yihng
太,taai
任,yahm
八,baat
提,tàih
卻,keuk
常,sèuhng
化,fa
處,chyú/chyúh/chyu
英,yīng
信,seun
通,tūng
接,jip
愛,oi
難,nàahn
計,gai
幾,géi
總,júng
書,syū
千,chīn
社,séh
今,gām
直,jihk
聲,sēng
教,gaau
資,jī
亦,yihk
覺,gok/gaau
活,wuht
光,gwōng
界,gaai
論,leuhn
比,béi
局,guhk/gúk
士,sih/sí
世,sai
兒,yìh
保,bóu
六,luhk
門,mùhn
色,sīk
男,nàahm
產,cháan
品,bán
車,chē
望,mohng
持,chìh
口,háu
安,ōn
必,bīt
海,hói
電,dihn
未,meih
建,gin
金,gām
影,yíng
白,baahk
萬,maahn
原,yùhn
結,git
改,gói
治,jih
放,fong
解,gáai
元,yùhn
眼,ngáahn
權,kyùhn
給,kāp
東,dūng
較,gaau
展,jín
決,kyut
特,dahk
非,fēi
各,gok
往,wóhng
取,chéui
花,fā
近,gahn/káhn
先,sīn
收,sāu
候,hauh
山,sāan
即,jīk
許,héui
區,kēui
報,bou
量,lèuhng/leuhng
基,gēi
打,dá
聯,lyùhn
西,sāi
該,gōi
指,jí
統,túng
商,sēung
第,daih
言,yìhn
友,yáuh
路,louh
求,kàuh
流,làuh
令,lihng
交,gāau
強,kèuhng/kéuhng
形,yìhng
清,chīng
台,tòih/tói
式,sīk
仍,yìhng
張,jēung
邊,bīn
件,gihn/gín
務,mouh
份,fahn
深,sām
濟,jai
記,gei
容,yùhng
單,dāan
示,sih
司,sī
早,jóu
空,hūng
線,sin
且,ché
失,sāt
程,chìhng
音,yām
服,fuhk
吃,hek
條,tìuh
爭,jāng/jāang
滿,múhn
觀,gūn
什,sahm
價,ga
運,wahn
字,jih
視,sih
帶,daai
食,sihk
曾,jāng/chàhng
達,daaht
支,jī
否,fáu
它,tā
故,gu/gú
另,lihng
完,yùhn
連,lìhn
傳,chyùhn
黨,dóng
演,yín
管,gún
若,yeuhk
半,bun
神,sàhn
雖,sēui
快,faai
思,sī
聽,tēng/tīng
遠,yúhn
委,wái
寫,sé
房,fòhng/fóng
調,diuh/tìuh
談,tàahm
義,yih
離,lèih
角,gok
設,chit
響,héung
住,jyuh
消,sīu
案,on
片,pin/pín
極,gihk
費,fai
足,jūk
易,yih/yihk
類,leuih
馬,máh
步,bouh
華,wàh
院,yuhn/yún
切,chit
笑,siu
造,jouh
算,syun
落,lohk
錢,chìhn/chín
歡,fūn
眾,jung
需,sēui
始,chí
約,yeuk
買,máaih
怎,jám
喜,héi
格,gaak
派,paai
克,hāk
整,jíng
似,chíh
死,séi
命,mihng/mehng
親,chān
照,jiu
術,seuht
包,bāau
客,haak
例,laih
投,tàuh
組,jóu
呢,nī
顯,hín
劇,kehk
際,jai
低,dāi
節,jit
紅,hùhng
告,gou
越,yuht
轉,jyun/jyún
叫,giu
廣,gwóng
況,fong
增,jāng
股,gú
識,sīk
讀,duhk
舉,géui
黑,hāak/hāk
乎,fùh
引,yáhn
北,bāk
林,làhm
根,gān
輕,hīng/hēng
專,jyūn
象,jeuhng
推,tēui
讓,yeuhng
熱,yiht
除,chèuih
留,làuh
皮,pèih
絕,jyuht
據,geui
溫,wān
首,sáu
銀,ngàhn/ngán
獨,duhk
陽,yèuhng
南,nàahm
存,chyùhn
質,jāt
李,léih
羅,lòh
斯,sī
朋,pàhng
精,jīng
古,gú
態,taai
星,sīng
衣,yī
興,hīng/hing
須,sēui
層,chàhng
請,chíng/chéng
假,ga/gá
官,gūn
跟,gān
火,fó
究,gau
筆,bāt
竟,gíng
致,ji
免,míhn
試,si
待,doih
盡,jeuhn
青,chīng/chēng
倒,dóu
夠,gau
苦,fú
師,sī
病,behng
壓,aat
希,hēi
底,dái
傷,sēung
策,chaak
誰,sèuih
顧,gu
功,gūng
參,chāam/sām
勢,sai
段,dyuhn
願,yuhn
斷,dyuhn/tyúhn
集,jaahp
具,geuih
領,líhng/léhng/léng
科,fō
育,yuhk
居,gēui
巴,bā
料,liuh/líu
職,jīk
裝,jōng
辦,baahn
團,tyùhn
找,jáau
夫,fū
般,būn
續,juhk
雙,sēung
康,hōng
飛,fēi
姐,jē/jèh/jé
校,haauh
標,bīu
確,kok
係,haih
息,sīk
準,jéun
討,tóu
排,pàaih/páai
樓,làuh/láu
劃,waahk
嗎,ma
孩,hàaih
票,piu
素,sou
席,jihk
久,gáu
考,háau
藝,ngaih
軍,gwān
婚,fān
戰,jin
環,wàahn
證,jing
隨,chèuih
坐,joh/chóh
境,gíng
署,chyúh
擔,dāam
責,jaak
阿,a
歷,lihk
講,góng
初,chō
驗,yihm
刻,hāk
怕,pa
歌,gō
灣,wāan
供,gūng
夜,yeh/yé
查,chàh
益,yīk
豐,fūng
味,meih
圖,tòuh
晚,máahn
導,douh
漸,jihm
級,kāp
終,jūng
京,gīng
歲,seui
遊,yàuh
吧,bah/bā
布,bou
獲,wohk
站,jaahm
項,hohng
護,wuh
黃,wòhng
稱,chīng
值,jihk
店,dim
效,haauh
注,jyu
石,sehk
膚,fū
號,houh
雨,yúh
樹,syuh
退,teui
負,fuh
警,gíng
奇,kèih
景,gíng
玩,wáan/wuhn
陸,luhk
福,fūk
錯,cho
句,geui
語,yúh
差,chā
球,kàuh
施,sī
批,pāi
血,hyut
備,beih
減,gáam
停,tìhng
城,sìhng
紀,géi
群,kwàhn
器,hei
愈,yuh/yuht
預,yuh
屬,suhk
規,kwāi
醫,yī
革,gaak
念,nihm
修,sāu
印,yan
嚴,yìhm
亞,a
升,sīng
史,sí
繼,gai
靜,jihng
換,wuhn
研,yìhn
紙,jí
拿,nàh
採,chói
緊,gán
肯,háng
協,hip
燈,dāng
型,yìhng
班,bāan
謂,waih
購,kau
率,leuht/léut/sēut
細,sai
勞,lòuh
吸,kāp
售,sauh
拉,lāai
括,kut
款,fún
德,dāk
短,dyún
破,po
母,móuh
超,chīu
技,geih
維,wàih
洋,yèuhng
屋,ūk
背,bui
葉,yihp
周,jāu
構,kau
助,joh
營,yìhng
米,máih
習,jaahp
聞,màhn
評,pìhng
匯,wuih
承,sìhng
舊,gauh
魚,yùh/yú
依,yī
善,sihn
養,yéuhng
賣,maaih
適,sīk
餘,yùh
核,waht/haht
隊,deuih/déui
怪,gwaai
曲,kūk
稅,seui
紫,jí
唱,cheung
左,jó
彭,pàahng
拍,paak
穿,chyūn
戲,hei
街,gāai
製,jai
貨,fo
微,mèih
止,jí
煙,yīn
玲,lìhng
害,hoih
系,haih
露,louh
付,fuh
園,yùhn/yún
某,máuh
富,fu
疑,yìh
財,chòih
痛,tung
酒,jáu
休,yāu
督,dūk
雲,wàhn
草,chóu
春,chēun
沙,sā
秋,chāu
訴,sou
均,gwān
趣,cheui
送,sung
透,tau
冷,láahng
烈,liht
亂,lyuhn
啟,kái
永,wíhng
答,daap
臉,líhm
限,haahn
創,chong
積,jīk
畫,waahk/wah/wá
缺,kyut
飯,faahn
土,tóu
充,chūng
簡,gáan
隻,jek
密,maht
既,gei
爾,yíh
館,gún
木,muhk
媽,mā/màh
律,leuht
慮,leuih
懷,wàaih/wàh
置,ji
宣,syūn
床,chòhng
莫,mohk
訪,fóng
壞,waaih
良,lèuhng
勝,sīng/sing
午,ńgh
庭,tìhng
座,joh
彈,tàahn/daahn/dáan
江,gōng
殺,saat
父,fuh
王,wòhng
呼,fū
奏,jau
探,taam
副,fu
突,daht
省,sáang/síng
船,syùhn
頓,deuhn
優,yāu
堂,tòhng
武,móuh
牌,pàaih/páai
睡,seuih
避,beih
鐵,tit
圍,wàih
忽,fāt
肉,yuhk
迷,màih
洲,jāu
腦,nóuh
零,lìhng
額,ngaahk
陳,chàhn
韓,hòhn
堅,gīn
尋,chàhm
概,koi
防,fòhng
急,gāp
沉,chàhm
略,leuhk
異,yih
移,yìh
億,yīk
列,liht
夢,muhng
季,gwai
模,mòuh
毛,mòuh
室,sāt
散,saan
章,jēung
追,jēui
階,gāai
射,seh
慢,maahn
登,dāng
碼,máh
執,jāp
廠,chóng
旁,pòhng
楚,chó
童,tùhng
跑,páau
速,chūk
守,sáu
控,hung
遇,yuh
里,léih
宜,yìh
菜,choi
鄧,dahng
鐘,jūng
島,dóu
掉,diuh
擁,yúng
擊,gīk
油,yàuh/yáu
熟,suhk
順,seuhn
麗,laih
雜,jaahp
享,héung
企,kéih
暗,am
腳,geuk
裡,léuih/léih
觸,jūk
險,hím
驚,gīng/gēng
剛,gōng
抗,kong
舞,móuh
途,tòuh
鏡,geng
擇,jaahk
私,sī
納,naahp
蘭,làahn/lāan
誤,ngh
貴,gwai
哪,náh
波,bō
源,yùhn
藥,yeuhk
配,pui
族,juhk
察,chaat
河,hòh
偶,ngáuh
僅,gán
右,yauh/yáu
競,gihng/ging
龍,lùhng
歸,gwāi
浪,lohng
蘇,sōu
課,fo
賞,séung
懂,dúng
牛,ngàuh
訂,dehng/dihng/ding
誠,sìhng
予,yuh
按,on
陣,jahn
佔,jim
幸,hahng
抽,chāu
映,yíng
雄,hùhng
默,mahk
喝,hot
州,jāu
忘,mòhng
窗,chēung
織,jīk
塊,faai
述,seuht
靈,lìhng
仔,jái
威,wāi
忙,mòhng
惜,sīk
慣,gwaan
漫,maahn
餐,chāan
介,gaai
困,kwan
籍,jihk
練,lihn
翻,fāan
尤,yàuh
監,gāam
索,sok
詩,sī
夏,hah
尚,seuhng
犯,faahn
亮,leuhng
估,gú
判,pun
唐,tòhng
戶,wuh
普,póu
棄,hei
禁,gam
版,báan
耳,yíh
附,fuh
骨,gwāt
昨,johk
絲,sī
揮,faī
柔,yàuh
綠,luhk
罪,jeuih
凡,fàahn
佳,gāai
唯,wàih
套,tou
復,fuhk
衝,chūng
迎,yìhng
釋,sīk
野,yéh
俄,ngòh
幫,bōng
弱,yeuhk
忍,yán
歐,āu
激,gīk
農,nùhng
錄,luhk
幹,gon
含,hàhm
婦,fúh
蓋,goi/koi
跳,tiu
幅,fūk
序,jeuih
朝,jīu
障,jeung
央,yēung
搞,gáau
敢,gám
替,tai
毫,hòuh
測,chāk
煲,bōu
狀,johng
畢,bāt
禮,láih
逐,juhk
幣,baih
枝,jī
紛,fān
藍,làahm
健,gihn
哥,gō
恐,húng
戀,lyún
敗,baaih
衛,waih
銷,sīu
乾,gōn
尊,jyūn
掌,jéung
損,syún
潮,chìuh
牙,ngàh
脫,tyut
詞,chìh
哈,hā
患,waahn
端,dyūn
篇,pīn
醒,síng/séng
楊,yèuhng
秘,bei
圈,hyūn
寶,bóu
抱,póuh
淡,daahm/táahm
簽,chīm
卡,kāat/kā
招,jīu
汽,hei
睛,jīng
趕,gón
載,joi
降,gong/hòhng
鼓,gú
板,báan
欣,yān
乘,sìhng
固,gu
尼,nèih
洗,sái
訊,seun
貼,tip
郭,gwok
頂,díng/déng
擺,báai
玉,yuhk
膠,gāau
隔,gaak
志,ji
旅,léuih
滋,jī
澳,ou
築,jūk
臨,làhm
補,bóu
輸,syū
髮,faat
挑,tīu
田,tìhn
編,pīn
緣,yùhn
互,wuh
呀,a
惡,ok/wu
泥,nàih
硬,ngaahng
緩,wuhn
藏,chòhng/johng
齊,chàih
努,nóuh
堆,dēui
榮,wìhng
檢,gím
淚,leuih
賺,jaahn
靠,kaau
鬥,dau
倫,lèuhn
偏,pīn
植,jihk
甘,gām
申,sān
縮,sūk
賽,choi
伯,baak
寧,nìhng
岸,ngohn
恨,hahn
鬧,naauh
刺,chi
危,ngàih
輪,lèuhn
鄉,hēung
倍,púih
宗,jūng
折,jit
握,āk
穩,wán
訓,fan
伴,buhn
塞,sāk
妻,chāi
繁,fàahn
婆,pòh/pō/pó
廿,yah
彩,chói
暫,jaahm
村,chyūn
殊,syùh
濃,nùhng
盤,pùhn
竹,jūk
耀,yiuh
鬆,sūng
傾,kīng
哭,hūk
弄,luhng
弟,daih
束,chūk
薪,sān
針,jām
厚,háuh
珠,jyū
詢,sēun
飲,yám
亡,mòhng
染,yíhm
肥,fèih
胡,wùh
跌,dit
踏,daahp
坡,bō
掛,gwa
智,ji
虛,hēui
吹,chēui
彷,fóng
杯,būi
航,hòhng
鮮,sīn
寂,jihk
幻,waahn
抵,dái
搖,yìuh
架,ga
橋,kìuh
舒,syū
距,kéuih
迫,bāak/bīk
閒,hàahn
隱,yán
刊,hōn/hón
皆,gāai
罵,mah
薄,bohk
赤,chek
雞,gāi
偉,wáih
昇,sīng
曬,saai
煮,jyú
煩,fàahn
琴,kàhm
盛,sihng
範,faahn
辛,sān
遍,pin
遲,chìh
圓,yùhn
悲,bēi
碧,bīk
輝,faī
遺,wàih
啦,lā
垃,laahp
游,yàuh
茶,chàh
俗,juhk
廳,tēng
桌,cheuk
桃,tòuh
皇,wòhng
粉,fán
純,sèuhn
績,jīk
聚,jeuih
菲,féi/fēi
裁,chòih
嘗,sèuhng
巧,háau
徒,tòuh
揚,yèuhng
材,chòih
泳,wihng
罷,bah/bá
促,chūk
借,je
兌,deui
博,bok
圾,saap
姿,jī
干,gōn
擴,kwong
救,gau
涼,lèuhng
麻,màh
典,dín
夾,gaap/gáap/gihp/gíp/gehp/gép
潛,chìhm
複,fūk
乏,faht
圳,jan
巨,geuih
悉,sīk
湖,wùh
灰,fūi
番,fāan
諸,jyū
鵬,pàahng
偷,tāu
冬,dūng
嘴,jéui
奧,ou
彿,fāt
撥,buht
盾,téuhn
碎,seui
雅,ngáh
妹,muih/múi/mùih/mūi
寄,gei
審,sám
徵,jīng
渡,douh
矛,màauh
租,jōu
封,fūng
扮,baahn
涉,sip
盟,màhng
鬼,gwái
孔,húng
屆,gaai
拖,tō
攝,sip
昏,fān
欄,làahn
甜,tìhm
蛋,daahn/dáan
麥,mahk
君,gwān
憑,pàhng
氏,sih
浮,fàuh
混,wahn
狗,gáu
符,fùh
脹,jeung
阻,jó
頗,pó
妙,miuh
姑,gū
幼,yau
徑,ging
悠,yàuh
憶,yīk
暴,bouh
牆,chèuhng
疲,pèih
耐,noih
貿,mauh
趨,chēui
伊,yī
姻,yān
孤,gū
寬,fūn
摸,mó
旦,daan
濕,sāp
燒,sīu
袋,doih/dói
軟,yúhn
辯,bihn
兵,bīng
媒,mùih
帝,dai
幕,mohk
朗,lóhng
柱,chyúh
污,wū
漢,hon
爆,baau
牠,tā
飾,sīk
橫,wàahng
膽,dáam
諮,jī
販,faan/fáan
賓,bān
陷,haahm/hahm
准,jéun
啊,ā
奪,dyuht
措,chou
晶,jīng
柬,gáan
欲,yuhk
泛,faahn
碰,pung
窮,kùhng
粗,chōu
閉,bai
儘,jéun
冒,mouh
域,wihk
娘,nèuhng
敏,máhn
晨,sàhn
祖,jóu
荒,fōng
衡,hàhng
覆,fūk
辭,chìh
返,fāan
閃,sím
填,tìhn
憲,hin
櫃,gwaih
泡,póuh/pāau/paau/pōk
津,jēun
瓜,gwā
陰,yām
飄,pīu
佈,bou
援,wùhn
旗,kèih
析,sīk
累,leuih
諾,nohk
貌,maauh
戴,daai
抑,yīk
播,bo
操,chōu/chou
擠,jāi
槍,chēung
淨,jihng/jehng
稍,sáau
稿,góu
裂,liht
邀,yīu
彼,béi
怨,yun
憂,yāu
拒,kéuih
沖,chūng
狂,kòhng
融,yùhng
謝,jeh
讚,jaan
伸,sān
塵,chàhn
姓,sing
寒,hòhn
徹,chit
授,sauh
添,tīm
胸,hūng
藉,jihk
遙,yìuh
酸,syūn
陪,pùih
丈,jeuhng
仙,sīn
儲,chóuh/chyúh
冰,bīng
劉,làuh
劍,gim
厭,yim
奶,náaih
潤,yeuhn
紹,siuh
脂,jī
醉,jeui
閱,yuht
震,jan
劣,lyut
勵,laih
尖,jīm
悶,muhn
抹,mut/maat
炸,ja
焦,jīu
爛,laahn
糊,wùh
郵,yàuh
闊,fut
雪,syut
債,jaai
獎,jéung
尾,méih
幽,yāu
延,yìhn
斤,gān
末,muht
汗,hohn
洞,duhng
盈,yìhng
秀,sau
籌,chàuh/cháu
顏,ngàahn
乃,náaih
儀,yìh
吳,ǹgh
坦,táan
宮,gūng
廈,hah
插,chaap
殘,chàahn
牽,hīn
璃,lēi
癌,ngàahm
眉,mèih
稀,hēi
謀,màuh
豪,hòuh
違,wàih
鮑,bāau
偽,ngaih
奈,noih
奮,fáhn
欠,him
毒,duhk
池,chìh
湧,yúng
疏,sō
絡,lok
聖,sing
袖,jauh
褲,fu
貪,tāam
遭,jōu
仁,yàhn
兼,gīm
劑,jāi
勇,yúhng
嬰,yīng
曉,híu
獄,yuhk
珍,jān
緒,séuih
齡,lìhng
哲,jit
妥,tóh
慕,mouh
慰,wai
扣,kau
搶,chéung
敦,dēun
沿,yùhn
猶,yàuh
網,móhng
蕩,dohng
賴,laaih
遷,chīn
鞋,hàaih
鼻,beih
仰,yéuhng
刀,dōu
埋,màaih
壯,jong
怒,nouh
惱,nóuh
搭,daap
縱,jung
艷,yihm
魂,wàhn
側,jāk
冊,chaak
吐,tou
壁,bīk
妨,fòhng
峰,fūng
廚,chyùh
彤,tùhng
恩,yān
拾,sahp
椅,yí
殖,jihk
玻,bō
纏,chìhn/jihn
肚,tóuh
蒙,mùhng
貧,pàhn
輛,leuhng
駛,sái
唔,m̀h
培,pùih
宇,yúh
巳,jih
,
慘,cháam
托,tok
瓶,pìhng
療,lìuh
糖,tòhng/tóng
肩,gīn
誌,ji
豈,héi
駕,ga
魯,lóuh
鳥,níuh
剩,jihng
匈,hūng
卓,cheuk
嚇,haak
垂,sèuih
忌,geih
愁,sàuh
拜,baai
搬,būn
敵,dihk
滑,waaht
礙,ngoih
腰,yīu
跡,jīk
踢,tek
酬,chàuh
伏,buhk/fuhk
併,bing/ping
倦,gyuhn
匆,chūng
娛,yùh
搏,bok
淺,chín
潔,git
烏,wū
獻,hin
腿,téui
衫,sāam
覽,láahm
註,jyu
誕,daan
貸,taai
逃,tòuh
隆,lùhng
串,chyun
兄,hīng
呵,hō/hó
唉,āai/àaih/aaih
嘛,mā/màh
廊,lòhng/lóng
敬,ging
毀,wái
猛,máahng
磨,mòh
谷,gūk
頻,pàhn
冠,gūn/gun
卷,gyún/gyun
塗,tòuh
徐,chèuih
抓,jáau/jā
溝,kāu
箱,sēung
詳,chèuhng
輯,chāp
飽,báau
侵,chām
削,seuk
勁,gihng
嘆,taan
孫,syūn
寞,mohk
懶,láahn
戒,gaai
振,jan
掩,yím
捨,sé
搜,sáu
朱,jyū
滅,miht
澤,jaahk
胞,bāau
逼,bīk
邦,bōng
鄭,jehng
采,chói
鋪,pou/pōu
亭,tìhng
嘩,wā
墨,mahk
壇,tàahn
惑,waahk
暖,nyúhn
浸,jam
炎,yìhm
脈,mahk
臭,chau
蒸,jīng
贊,jaan
躍,yeuhk
輩,bui
鄰,lèuhn
佩,pui
僱,gu
凝,yìhng
召,jiuh
妝,jōng
嫌,yìhm
巡,chèuhn
廉,lìhm
昂,ngòhng
暑,syú
朵,dó/déu
礎,chó
耶,yèh
艇,téhng
貓,māau
鈾,yàuh
屯,tyùhn
扎,jaat
捉,jūk
挺,tíhng
描,mìuh
梯,tāi
烹,pāang
症,jing
痕,hàhn/hán
籠,lùhng
貢,gung
迴,wùih
割,got
哀,ōi
廢,fai
慧,waih
捧,púng
斜,chèh/che
災,jōi
苗,mìuh
茫,mòhng
貫,gun
趙,jiuh
雷,lèuih
顆,fó
騙,pin
云,wàhn
呆,ngòih
尺,chek
您,néih
惠,waih
憤,fáhn
扇,sin
擾,yíu
森,sām
泉,chyùhn
洩,yaih/sit
滾,gwán
痰,tàahm
癡,chī
笨,bahn
縫,fùhng
艱,gāan
鎮,jan
鑑,gaam
霧,mouh
堪,hām
掃,sou
攻,gūng
旋,syùhn
暢,cheung
毋,mòuh
滴,dihk/dīk
秩,diht
箭,jin
繪,kúi
罰,faht
舖,pou/pōu
週,jāu
醜,cháu
佛,faht
傘,saan
催,chēui
厲,laih
吊,diu
喊,haam
截,jiht
梁,lèuhng
漠,mohk
疊,dihp/daahp
繞,yíuh
聘,ping
譬,pei
豆,dauh
貝,bui
逝,saih
餅,béng
鬱,wāt
丁,dīng
嘉,gā
崇,sùhng
憐,lìhn
拔,baht
拼,ping
捕,bouh
撫,fú
氛,fān
淋,làhm
蒼,chōng
賀,hoh
蹈,douh
黎,làih
侶,léuih
凌,lìhng
勤,kàhn
咕,gū
奉,fuhng
奔,bān
宿,sūk
慶,hing
拋,pāau
杜,douh
泊,paak/bohk
漲,jeung/jéung
灘,tāan
燃,yìhn
紗,sā
蓄,chūk
衰,sēui
唇,sèuhn
喪,sōng/song
抬,tòih
撞,johng
斑,bāan
液,yihk
涯,ngàaih
炒,cháau
爬,pàh
瓦,ngáh
甲,gaap
疫,yihk
矣,yíh
紋,màhn
緻,ji
耗,hou
聊,lìuh
肅,sūk
虎,fú
襲,jaahp
輔,fuh
郎,lòhng
鋼,gong
驕,gīu
傑,giht
勃,buht
吞,tān
呈,chìhng
咬,ngáauh
孕,yahn
忠,jūng
恰,hāp
悅,yuht
拘,kēui
捲,gyún
撲,pok
枚,mùih
棵,fó
樁,jōng
漏,lauh
灼,cheuk
虧,kwāi
裙,kwàhn
譽,yuh
赴,fuh
迅,seun
遞,daih
鉛,yùhn
鈴,lìhng
錦,gám
夕,jihk
嫂,sóu
宵,sīu
屈,wāt
惟,wàih
慾,yuhk
抖,dáu
披,pēi
掙,jāng
揭,kit
撒,saat
柏,paak
桂,gwai
浴,yuhk
濤,tòuh
繫,haih
蔬,sō
賦,fu
逢,fùhng
陶,tòuh
償,sèuhng
剪,jín
宅,jaahk
寸,chyun
尿,niuh
帳,jeung
彎,wāan
怡,yìh
愚,yùh
松,chùhng/sūng
牢,lòuh
盆,pùhn/pún
盒,hahp/háp
盪,dohng
瞪,dāng
窩,wō
肪,fōng
袍,pòuh/póu
襯,chan
賄,kúi
鋒,fūng
閣,gok
顫,jin
餓,ngoh
麵,mihn
伐,faht
勉,míhn
勿,maht
叔,sūk
咀,jéui
埔,bou
嫁,ga
巾,gān
惹,yéh
擦,chaat
汁,jāp
沾,jīm
溜,lauh
漆,chāt
漁,yùh
聰,chūng
脅,hip
膝,sāt
荷,hòh/hoh
蕭,sīu
躺,tóng
鍵,gihn
霸,ba
俱,kēui
刑,yìhng
勸,hyun
吵,cháau
喉,hàuh
循,chèuhn
愉,yùh
捱,ngàaih
摩,mō
敲,hāau
柯,ō
爐,lòuh
牲,sāng
狠,hán
疾,jaht
瘋,fūng
皺,jau/chàauh
祝,jūk
禍,woh
稻,douh
籲,yuh
翠,cheui
胃,waih
腐,fuh
蝕,siht/sihk
赫,hāak
蹤,jūng
鑽,jyun
韻,wáhn
丹,dāan
乖,gwāai
叢,chùhng
吟,yàhm/ngàhm
埃,ōi/āai
塑,sou/sok
廟,miuh/míu
扭,náu
拆,chaak
捷,jiht
撤,chit
枯,fū
榕,yùhng
歧,kèih
洪,hùhng
泰,taai
漂,pīu
滲,sam
爸,bā
猜,chāai
眠,mìhn
祥,chèuhng
筋,gān
紐,náu
綿,mìhn
罕,hón
趁,chan
躲,dó/déu
辨,bihn
逸,yaht
釣,diu
駁,bok
魔,mō
乳,yúh
伙,fó
倘,tóng
傻,sòh
允,wáhn
厘,lèih
妳,néih/náaih
巿,fāt
庫,fu
悄,chiu
棉,mìhn
欺,hēi
欽,yām
涵,hàahm
湯,tōng
渴,hot
秒,míuh
窄,jaak
胖,buhn
腸,chèuhng
舍,se
芳,fōng
蟲,chùhng
譯,yihk
賬,jeung
賢,yìhn
跨,kwa
踐,chíhn
騷,sōu
驟,jaauh
俊,jeun
倆,léuhng
兮,hàih
剎,chaat
唸,nihm
嗚,wū
堡,bóu
墊,jin
夥,fó
奢,chē
娃,wā
娜,nóh
宋,sung
庸,yùhng
征,jīng
慨,koi
慌,fōng
淪,lèuhn
爽,sóng
皿,míhng
盲,màahng
綜,jūng
翼,yihk
董,dúng
逛,kwaang
郝,kok
雀,jeuk
靚,leng
頁,yihp
頸,géng
鴨,aap/áap
龐,pòhng
伍,ńgh
倚,yí
倡,chēung
叛,buhn
吻,máhn
塔,taap
帽,mouh/móu
廁,chi
恢,fūi
悔,fui
慎,sahn
懸,yùhn
抄,chāau/chaau
摘,jaahk
撐,chāang/chaang
殼,hok
漿,jēung
濫,laahm/láahm
灑,sá
瘦,sau
盼,paan
簾,lìhm/lím
莊,jōng
衷,jūng/chūng
諒,leuhng
遮,jē
鍾,jūng
鼎,díng
齣,chēut
丟,dīu/duu6
僚,lìuh
咳,kāt
啣,hàahm
喚,wuhn
堤,tàih
墓,mouh
寡,gwá
崖,ngàaih
彌,nèih
悟,ngh
扯,ché
掀,hīn
摺,jip
擱,gok
攀,pāan
攤,tāan
旨,jí
晃,fóng
曼,maahn
枕,jám
瑰,gwai
瞧,chìuh
筒,tùhng/túng/tūng
糧,lèuhng
纖,chīm
臂,bei
舌,sit
豬,jyū
蹲,chyùhn/dēun/jēun
軒,hīn
轟,gwāng
逆,yihk
鈽,bōu
鎖,só
陌,mahk
隧,seuih
駐,jyu
齒,chí
劫,gip
勾,ngāu
卸,se
囉,lō
嬸,sám
川,chyūn
懼,geuih
扶,fùh
押,aat
擬,yíh/yìh
株,jyū
沫,muht
溪,kāi
玫,mùih
睿,yeuih
羞,sāu
耕,gāang
膀,bóng
葬,jong
証,jing
遂,seuih
醇,sèuhn
銜,hàahm
闆,báan
驅,kēui
鳴,mìhng
鼠,syú
伶,lìhng
傲,ngouh
券,gyun/hyun
匪,féi
囚,chàuh
壽,sauh
奕,yihk
妄,móhng
恤,sēut
捐,gyūn
攜,kwàih
柄,beng
柴,chàaih
棋,kèih
榜,bóng
滯,jaih
煥,wuhn
犧,hēi
碗,wún
穎,wihng
羡,sihn
肌,gēi
脆,cheui
腔,hōng
腹,fūk
膜,mohk
膨,pàahng
艾,ngaaih
蚊,mān
裕,yuh
覓,mihk
誇,kwā
謹,gán
辣,laaht
逗,dauh
邁,maaih
鎢,wū
闖,chóng
井,jéng
剝,mōk
卜,pūk/būk/baahk
吉,gāt
呎,chek
啤,bē
坤,kwān
壟,lúhng
媚,meih
挖,wā
捏,nihp
曰,yeuhk
柳,láuh
栽,jōi
檔,dong
氧,yéuhng
渾,wàhn
煞,saat
盜,douh
瞭,lìuh
碩,sehk
綱,gōng
繡,sau
脾,pèih
蓮,lìhn
蓬,pùhng
蚤,jóu
蜜,maht
蠻,màahn
辰,sàhn
逾,yùh
鈸,baht
銅,tùhng
銳,yeuih
鎊,bohng
騰,tàhng
仿,fóng
匹,pāt
咖,ga
哄,hung
哩,lēi/léih/léh
啞,á
喧,hyūn
址,jí
妒,dou
嬌,gīu
宏,wàhng
宙,jauh
尬,gaai
尷,gāam
峽,haahp
崩,bāng
嶼,yùh/jeuih
嶺,líhng/léhng
挽,wáahn
曝,bouh/buhk
槽,chòuh
潑,put
疼,tàhng
粵,yuht
糟,jōu
紮,jaat
臟,johng
託,tok
誘,yáuh
軌,gwái
迦,gā/haaih
銘,mìhng
陵,lìhng
黛,doih
傭,yùhng
兔,tou
勒,lahk
哼,hāng
啡,fē
喬,kìuh
嘻,hēi
噪,chou
墜,jeuih
姪,jaht
幢,johng/tòhng
惶,wòhng
拳,kyùhn
挫,cho
斗,dau/dáu
昌,chēung
梵,faahn
沈,sám/chàhm
渺,míuh
灌,gun
炮,paau
狹,haahp/gihp
睹,dóu
粒,lāp
糾,gáu/dáu
薩,saat
薦,jin
蜂,fūng
衍,yín/hín
襟,kām
誓,saih
諷,fung
謊,fōng
譚,tàahm
辱,yuhk
遜,seun
郊,gāau
釘,dīng/dēng
俠,hahp
俯,fú
僑,kìuh
兇,hūng
卑,bēi
咁,gam/gám
哉,jōi
咪,máih/maih/mī
噸,dēun
圃,póu
墮,doh
婉,yún
廂,sēung
恭,gūng
拓,tok
掣,jai
搓,chō
擋,dóng/dong
斬,jáam
旺,wohng
昆,kwān
枇,pèih
桶,túng
洛,lok
浩,houh
燦,chaan
牧,muhk
瑣,só
瓣,faahn/baahn
瓷,chìh
稚,jih
粹,seuih
綴,jeui
羊,yèuhng
翌,yihk
聳,súng
肝,gōn
芬,fān
菊,gūk
蝦,hā
蠢,chéun
遵,jēun
邏,lòh
雕,dīu
兜,dāu
后,hauh
嚮,heung/héung
夷,yìh
奴,nòuh
寵,chúng
岩,ngàahm
弦,yìhn
慈,chìh
戈,gwō
戚,chīk
拱,gúng
搵,wán
撰,jaahn
攏,lúhng
斥,chīk
杷,pàh
枉,wóng
毅,ngaih
湊,chau
煉,lihn
籃,làahm
籤,chīm
繳,gíu
罐,gun
聆,lìhng
膏,gōu
臣,sàhn
臥,ngoh
菌,kwán
裳,sèuhng
贏,yìhng/yèhng
迪,dihk
韋,wàih
魅,meih
鵝,ngòh/ngó
黏,nīm/nìhm
仇,sàuh
仗,jeuhng/jeung
佢,kéuih
倉,chōng
傢,gā
刮,gwaat
剁,deuk/dēuk
叮,dīng
吾,ǹgh
喃,nàahm
喻,yuh
妖,yíu
廖,liuh
廷,tìhng
懲,chìhng
昧,muih
暈,wàhn
朽,náu
梅,mùih/múi
歇,hit/kit
汪,wōng
溢,yaht
滔,tōu
滬,wuh
潰,kúi
燕,yin
燭,jūk
爵,jeuk
睜,jāng
瞥,pit
磋,chō
磚,jyūn
縣,yuhn
,
肆,si
膊,bok
蔽,bai
蘆,lòuh
蝶,dihp/díp
謬,mauh
賜,chi
趟,tong
軀,kēui
轄,haht
郤,gwīk
閑,hàahn
闢,pīk
頃,kíng
馳,chìh
魄,paak
鯊,sā
佐,jo
冇,móuh
划,wā
剃,tai
喘,chyún
嘲,jāau
塘,tòhng
墳,fàhn
契,kai
姆,móuh
屁,pei
巷,hohng/hóng
役,yihk
恥,chí
掠,leuhk
敷,fū
晉,jeun
晤,ngh
杆,gon/gōn
樸,pok
洽,hāp
淒,chāi
溶,yùhng
澄,chìhng
瀟,sīu
焉,yìhn
爺,yèh/yé
癢,yéuhng
癮,yáhn
矮,ái
碑,bēi
礦,kong
穴,yuht
罩,jaau
羈,gēi
腕,wún
膩,neih
萊,lòih
葵,kwàih
薰,fān
蘋,pìhng
詠,wihng
誼,yìh
賠,pùih
躁,chou
酷,huhk
鑊,wohk
霞,hàh
鬚,sōu
乙,yut
侍,sih
佬,lóu
僵,gēung
冤,yūn
凍,dung
匿,nīk/nēi
卅,sā
啼,tàih
囊,nòhng
坪,pìhng
奸,gāan
媳,sīk
嬴,yìhng
崗,gōng
怔,jīng
怖,bou
憾,hahm
拙,jyut
揣,chéui/chyún
擲,jaahk
晰,sīk
框,kwāang
棚,pàahng
橡,jeuhng
歎,taan
歪,wāai/mé
淑,suhk
濾,leuih
煤,mùih
熬,ngàauh/ngòuh
燥,chou
犬,hyún
瑞,seuih
磅,bohng
秦,chèuhn
耍,sá
耿,gáng
肺,fai
腫,júng
臘,laahp
艘,sáu
茄,ké/gā
葡,pòuh
蔡,choi
謙,hīm
賊,chaak
賂,louh
醬,jeung
錶,bīu
霜,sēung
頑,wàahn
頒,bāan
頰,gaap
鴻,hùhng
黯,ám
乞,hāt
傅,fuh
咱,jā
嚐,sèuhng
嚕,lōu
坑,hāang
壹,yāt
姨,yìh/yī
姬,gēi
寓,yuh
屑,sit
屠,tòuh
弊,baih
愕,ngohk
掘,gwaht
昔,sīk
械,haaih
歉,hip
氈,jīn
灕,lèih
熔,yùhng
畏,wai
畔,buhn
疆,gēung
皂,jouh
碌,lūk
繃,bāng
翁,yūng
肖,chiu
苑,yún
荃,chyùhn
藤,tàhng
誦,juhng
豎,syuh
賤,jihn
賭,dóu
錫,sek
阪,báan
霍,fok
鞭,bīn
鬍,wùh
鹿,luhk
余,yùh
偵,jīng
儒,yùh
几,gēi/géi
凱,hói
呂,léuih
吱,jī
咽,yīn
噴,pan
嚼,jeuk
囡,nàahm
坊,fōng
宴,yin
寨,jaaih
悴,seuih
惘,móhng
愧,kwáih
憔,chìuh
扔,yìhng
拂,fāt
抨,pīng
掏,tòuh
撈,làauh/lōu
擅,sihn
旬,chèuhn
旱,hóhn
暮,mouh
朧,lùhng
桑,sōng
棠,tòhng
殷,yān
浦,póu
濛,mùhng
瀉,se
烘,hung/hong
獃,ngòih
獸,sau
疚,gau
盅,jūng
盧,lòuh
瞇,máih
矇,mùhng
祭,jai
禪,sìhm
稽,kāi
籮,lòh
粥,jūk
絮,séuih
縛,bóng/bok
縷,léuih
繽,bān
翔,chèuhng
芝,jī
芽,ngàh
荔,laih
莉,leih
菩,pòuh
葛,got
虞,yùh
蛇,sèh
螺,lòh/ló
衹,jí
裸,ló
裹,gwó
貯,chyúh
輾,jín
迂,yū
遣,hín
鈕,náu
鍊,lihn/lín
鍋,wō
隙,kwīk/gwīk
霉,mùih
顛,dīn
鳳,fuhng
丘,yāu
仲,juhng
冀,kei
凸,daht
函,hàahm
剔,tēk
匠,jeuhng
吋,chyun
喀,kaak
喂,wai
嗡,yūng
嗅,chau
嘔,áu
噹,dōng
姊,jí
嫩,nyuhn
履,léih
扒,pàh
挨,āai
擰,nihng/níng
朔,sok
朦,mùhng
棒,páahng
沮,jēui/jéui
洶,hūng
洒,sá
淘,tòuh
渠,kèuih
漓,lèih
濱,bān
澀,gip
璇,syùhn
甦,sōu
甫,fú/póu
眷,gyun
矚,jūk
矩,géui
砌,chai
砰,pīng
碟,dihp
禱,tóu
竭,kit
絨,yúng
繩,sìhng/síng
羽,yúh
翅,chi
聾,lùhng
茂,mauh
莖,hāng/ging
蔭,yām
訣,kyut
謎,màih
譜,póu
貶,bín
贈,jahng
蹟,jīk
輿,yùh
鏟,cháan
閘,jaahp
頌,juhng
餵,wai
鴿,gap/gaap
黐,chī
侈,chí
侮,móuh
俾,béi
凳,dang
剖,fáu
吠,faih
咄,dēut
咭,kāat
唆,sō
啥,sá
嚨,lùhng
壘,léuih
寺,jih
怯,hip
恍,fóng
恆,hàhng
恕,syu
惕,tīk
扁,bín
拭,sīk
挾,hip
挪,nòh
撇,pit
摔,sēut
摟,lāu
撕,sī
攬,láahm
曳,yáih
梳,sō
棘,kīk/gīk
檯,tòih/tói
殿,dihn
沸,fai
淆,ngàauh
渣,jā
炫,yùhn/yuhn
炳,bíng
焗,guhk
煽,sin
燄,yihm
獵,lihp
瑤,yìuh
甸,dīn
瘤,làuh
眶,kwāang
眺,tiu
矢,chí
祈,kèih
禿,tūk
稜,lìhng
竄,chyun
簿,bouh/bóu
紡,fóng
綻,jaahn
緝,chāp
繹,yihk
辮,bīn
翹,kìuh
肘,jáau/jáu
肢,jī
胎,tōi
臺,tòih
蒂,dai
蘊,wan/wáhn/wán
虐,yeuhk
諱,wáih
豫,yuh
貞,jīng
踩,cháai
迄,ngaht
逍,sīu
釀,yeuhng
鈔,chāau
鍛,dyun
陋,lauh
隸,daih
飢,gēi
骸,hàaih
乍,ja
俸,fuhng
刷,chaat
劈,pek/pīk
叉,chā
叩,kau
吁,yuh
呷,haap
咐,fu
哎,āai
唧,jīk/jīt/jēk
啪,pāak
囑,jūk
垮,kwā
垛,dó
埠,fauh/bouh
塌,taap
壩,ba
妓,geih
孝,haau
屏,pìhng
屢,léuih
帥,seui
忖,chyún
悵,jeung/cheung
慚,chàahm
憎,jāng
懇,hán
懦,noh
拯,chíng
搽,chàh
摧,chēui
撿,gím
敘,jeuih
暇,hah
棕,jūng
棟,duhng
棍,gwan
樑,lèuhng
樽,jēun
湘,sēung
溺,nīk
瀰,nèih
烤,hāau
煎,jīn
熙,hēi
熒,yìhng
爹,dē
狼,lòhng
猢,wùh
獅,sī
猻,syūn
甩,lāt
痴,chī
盯,dīng
眩,yuhn
眨,jáam/jaap
睇,tái
瞄,mìuh
瞬,seun
磁,chìh
禦,yuh
窒,jaht
窺,kwāi
竅,kiu/hiu
竊,sit
簇,chūk
糙,chou
羨,sihn
翩,pīn
膳,sihn
臻,jēun
苛,hō
茸,yùhng
蕉,jīu
螂,lòhng
蟑,jēung
襪,maht
訝,ngah
詹,jīm
逕,ging
遴,lèuhn
鄙,péi
醋,chou
鈍,deuhn
鋅,sān/sīng
鎔,yùhng
鑼,lòh
雁,ngaahn
颱,tòih
飼,jih
駭,háaih
騎,kèh
髦,mòuh
鷗,āu
麟,lèuhn
丸,yùhn/yún
倖,hahng
傍,bohng/pòhng
兆,siuh
刪,sāan
匙,chìh/sìh
卿,hīng
吩,fān
呻,sān/san
喇,la
喳,jā
嗜,si
嗽,sau
噓,hēui
嘰,gēi
噫,yī
囂,hīu
墅,seuih
壤,yeuhng
娶,chéui
婿,sai
嬉,hēi
嫵,móuh
峻,jeun
廝,sī
徊,wùih
徘,pùih
惆,chàuh
惰,doh
拗,áau/aau/yāu
摯,ji
撓,nàauh
撮,chyut
撳,gahm
攪,gáau
晴,chìhng
柿,chí
桿,gon/gōn
楓,fūng
橘,gwāt
殉,sēun
汰,taai
泣,yāp
淹,yīm
淵,yūn
淫,yàhm
淮,wàaih
爪,jáau
猴,hàuh
瑋,wáih
瑪,máh
癟,biht
眸,màuh
瞻,jīm
矜,gīng
穀,gūk
纍,lèuih
肛,gōng
范,faahn
茲,jī
萍,pìhng
萄,tòuh
葫,wùh
蔓,maahn
蔥,chūng
藻,jóu
蛙,wā
螢,yìhng
蠟,laahp
袱,fuhk
褪,teui/tan
謠,yìuh
謨,mòuh
豚,tyùhn
賈,gá
踱,dohk
轍,chit
邱,yāu
鄺,kwong
鑄,jyu
鑒,gaam
闔,hahp
闡,jín
阮,yún
陀,tòh
馨,hīng
髒,jōng
魏,ngaih
鹵,lóuh
黝,yáu
丙,bíng
亢,kong
佇,nìhng
侃,hón
侯,hàuh
倔,gwaht
倪,ngàih
儉,gihm
冶,yéh
凄,chāi
凜,láhm
剌,laaht
剿,jíu
卒,jēut
叨,tōu
吝,leuhn
咒,jau
咧,lèh/léh
啃,háng/káng
喲,yō
喫,hek/yaak
嗇,sīk
嘶,sāi
噩,ngohk
嚷,yeuhng
坎,hám
堵,dóu
孰,suhk
屍,sī
岔,chā/cha
岳,ngohk
崎,kēi
巔,dīn
帆,fàahn
幟,chi
庇,bei
彬,bān
彰,jēung
忿,fáhn
悽,chāi
惺,sīng
愴,chong
懈,haaih
抉,kyut
拚,pun/pún
揀,gáan
揹,bui
撩,lìuh/līu
撼,hahm/hám
敞,tóng
曠,kwong
杉,chaam
栗,leuht
桐,tùhng
梗,gáng
梨,lèih
棗,jóu
棲,chāi
榻,taap
檸,nìhng
氫,hīng
沐,muhk
涌,chūng
淤,yú
淇,kèih
渲,hyūn
滄,chōng
澆,gīu/hīu
澡,chou
濡,yùh
焚,fàhn
熾,chi
狙,jēui
玄,yùhn
琳,làhm
瑟,sāt
瑩,yìhng
畜,chūk
砂,sā
禽,kàhm
秉,bíng
穫,wohk
笛,dehk/dék
箏,jāng
糕,gōu
綑,kwán
罅,la
羹,gāng
耘,wàhn
腥,sīng/sēng
臆,yīk
舟,jāu
芒,mòhng
荻,dihk
萌,màhng
萎,wái
蔣,jēung
虔,kìhn
蟬,sìhm
蠱,gú
袁,yùhn
襖,óu
訕,saan
詐,ja
嘅,ge
豁,kut
跪,gwaih
迢,tìuh
迭,dihp/daahp
迸,bing
遑,wòhng
邪,chèh
釐,lèih
鏗,hāng
鐲,juhk
頹,tèuih
顱,lòuh
饒,yìuh
驀,mahk
鴦,yēung
鴛,yīn
鷹,yīng
鹽,yìhm
于,yū
亨,hāng
仆,pūk/buhk/būk
俏,chiu
冥,mìhng
凶,hūng
凹,nāp/aau
勛,fān
募,mouh
勳,fān
卵,léun
呱,gū/gwā
咦,yìh/yí
哦,ngòh
唏,hēi
啄,deuk/dēung
喋,dihp
嗓,sóng
嗤,chī
嗯,ngh
噗,pok
噥,nùhng
埸,yihk
墟,hēui
壬,yàhm
奚,hàih
姜,gēung
娓,méih
孟,maahng
寢,chám
屜,tai
岑,sàhm
峭,chiu
嵌,ham
幌,fóng
廓,kwok/gwok
弛,chìh
彙,wuih
彥,yihn
徙,sáai
恃,chíh
悻,hahng
悸,gwai
慷,kóng/hóng
憧,chūng
懊,ou
懵,múng
拈,nīm
拐,gwáai
捺,naaht
揩,hāai
揉,yàuh
摑,gwaak
攔,làahn
斟,jām
晏,aan
晒,saai
晌,héung
曇,tàahm
桓,wùhn
梢,sāau
梭,sō
椒,jīu
椰,yèh
榴,làuh
橙,cháang
檬,mūng
櫥,chyùh
櫻,yīng
沛,pui
汨,mihk
淌,tóng
澈,chit
潦,líu
濂,lìhm
濺,jin/jín
炭,taan
煌,wòhng
熄,sīk
燻,fān
狄,dihk
猝,chyut
瑾,gán
甄,yān
盎,ong
盞,jáan
睦,muhk
瞞,mùhn
矓,lùhng
祟,seuih
禾,wòh
簷,yìhm/sìhm
籽,jí
粘,jīm
綺,yí
繭,gáan
脖,buht
艦,laahm
芸,wàhn
荊,gīng
茜,sihn
蒨,sihn
蘿,lòh
蟻,ngáih
蟹,háaih
裊,níuh
褸,lāu/léuih
詫,cha
詭,gwái
諧,hàaih
跛,bāi
踞,geui
遁,deuhn
遢,taat
邑,yāp
醞,wáhn
鉅,geuih
鋸,geu
鑿,johk
闌,làahn
隅,yùh
雌,chī
霖,làhm
靡,méih
靦,tín
鞏,gúng
饑,gēi
馮,fùhng
馴,sèuhn
駱,lok
髓,séuih
魷,yàuh
鴉,ā
鶴,hohk
丫,ā
佣,yùhng
俐,leih
偌,yeh
偎,wūi
倏,sūk
僧,jāng
僻,pīk
儕,chàaih
儻,tóng
凋,dīu
凈,jihng
刨,pàauh
厄,āk
吼,hau/hāau/hāu
咯,lok/lo
啜,jyut
唾,to
嗦,sō
嘍,lau/lāu/làuh
嘈,chòuh
嚀,nìhng
圭,gwāi
壺,wùh
夭,yīu
姚,yìuh
姦,gāan
娑,sō
嫣,yīn
岌,kāp/ngahp
巫,mòuh
帕,paak
弓,gūng
弘,wàhng
弗,fāt
弧,wùh
御,yuh
怠,tóih
恫,duhng
悚,súng
悍,hóhn
惚,fāt
慄,leuht
慵,yùhng
憊,beih
懾,sip
拎,līng
搔,sōu
搧,sin
撻,taat/tāat
攢,chyùhn
攫,fok
晝,jau
曖,oi/ói
楞,lìhng
檻,laahm
歛,líhm
歹,dáai
毆,áu
氘,dōu
汲,kāp
涕,tai
涓,gyūn
涎,yìhn
湛,jaam
漾,yeuhng
濁,juhk
瀑,buhk
瀾,làahn
燙,tong
狐,wùh
珊,sāan
琅,lòhng
琢,deuk
瑜,yùh
瓏,lùhng
甭,búng
癖,pīk
癱,tāan/táan
皙,sīk
瞎,haht
瞌,hāp/hahp
矗,chūk
砲,paau
磊,léuih
磯,gēi
祉,jí
秤,ching/pìhng
穆,muhk
穌,sōu
窘,kwan
筏,faht
箕,gēi
篤,dūk
簸,bo
糞,fan
絆,buhn
綽,cheuk
綵,chói
繆,màuh
罹,lèih
胳,gaak
脊,jik
腋,yihk
腆,tín
膛,tòhng
芃,pùhng
芙,fùh
苟,gáu
莞,gūn
蔚,wai
蔑,miht
蕊,yéuih/yeuih
蜃,sàhn
蜿,yūn
蜒,yìhn
蝴,wùh
螞,máh
螫,sīk
裔,yeuih
褔,fu
診,chán
譏,gēi
赦,se
躇,chyùh
蹭,sang
躊,chàuh
軸,juhk
輒,jip
轇,gāau
轕,got
辜,gū
逮,daih
邃,seuih
郁,yūk
酪,lok
鉗,kìhm/kím
錚,jāng
闕,kyut
隈,wūi
雛,chō
霎,saap
鞍,ōn
頷,háhm
颼,sāu
餚,ngàauh
駝,tòh
鬢,ban
鹹,hàahm
丑,cháu
乜,māt
伉,kong
佑,yauh
侖,lèuhn
嘢,yéh
倩,sihn
倜,tīk
偕,gāai
僥,hīu
儷,laih
儼,yíhm
兢,gīng
刃,yahn
剷,cháan
卦,gwa
叱,chīk
吶,naahp
咚,dūng
咩,mē
咿,yī
喔,āk
啾,jāu
嗰,gó
喁,yùhng
嘟,dūt/dyūt
嗔,chān
嘁,chī
嘮,lòuh
嘿,hēi
噢,ō
垢,gau
妞,náu
妮,nèih
娟,gyūn
嫉,jaht
嫻,hàahn
孃,nèuhng
寥,lìuh
崛,gwaht
崙,lèuhn
嶇,kēui
巒,lyùhn
幪,mùhng
弔,diu
徨,wòhng
恬,tìhm
恙,yeuhng
恣,ji
恿,yúng
惋,wún
愣,lihng
慳,hāan
憫,máhn
憬,gíng
扉,fēi
扼,āk
扳,pāan/báan
抒,syū
摒,bing
搐,chūk
擎,kìhng
攷,háau
斕,làahn
曆,lihk
曹,chòuh
札,jaat
杖,jeuhng/jéung
柑,gām
栩,héui
棧,jaahn/jáan
椏,ā
椿,chēun
榷,kok
殃,yēung
殆,tóih
毯,táan
汝,yúh
汩,gwāt
涔,sàhm
溉,koi
漬,jīk
漱,sau
滌,dihk
潺,sàahn
澗,gaan
澱,dihn
瀝,lihk
焊,hohn
牟,màuh
牡,máauh
疇,chàuh
痠,syūn
瘓,wuhn
瘟,wān
瘡,chōng
睫,jiht
瞠,chāang
瞰,ham
砍,hám
砸,jaap
硝,sīu
硯,yihn
碳,taan
磡,ham
祐,yauh
穢,wai
竿,gōn
筲,sāau
箇,go
篷,pùhng
粼,lèuhn
紊,mahn
紕,pēi
紜,wàhn
紳,sān
絞,gáau
綁,bóng
綢,chàuh
緯,wáih
緘,gāam
縈,yìhng
纜,laahm
翡,féi
翰,hohn
耽,dāam
聶,nihp
胭,yīn
舅,káuh
茉,muht
苔,tòih
莎,sā
莽,móhng
蒞,leih
蒲,pòuh
蒜,syun
蒐,sāu
蔔,baahk
薯,syùh
藹,ói
蘸,jaam
蛛,jyū
蠅,yīng/yìhng
嗱,nàh
褂,gwa/gwá
裾,gēui
褐,hot
訟,juhng
詮,chyùhn
誡,gaai
諦,dai
謐,maht
譴,hín
跎,tòh
跚,sāan
跤,gāau
蹉,chō
蹋,taap
蹬,dāng
躉,dán
躋,jāi
躬,gūng
辟,pīk
邋,laaht
郡,gwahn
酣,hàhm
醺,fān
釁,yahn
鈣,koi
鈺,yuhk
鉸,gáau
鋰,léih
鏈,lihn/lín
鑲,sēung
閨,gwāi
閩,máhn
閤,gap
隘,aai
雯,màhn
鞦,chāu
韆,chīn
顰,pàhn
馭,yuh
骷,fū
骼,gaak
髏,làuh
髹,yāu
魆,wāt
鯉,léih
鱗,lèuhn
齋,jāai
丕,pēi
乒,bīng
乓,bām
亙,gáng
仕,sih
伎,geih
伺,jih/sih
佯,yèuhng
佻,tīu
俞,yùh
倣,fóng
僕,buhk
冗,yúng
冽,liht
凰,wòhng
劾,haht
勻,wàhn
呃,āak
呸,pēi
咎,gau
咂,jaap
哇,wā
唁,yihn
哺,bouh
哮,hāau
哽,gáng/áng/káng
喱,lēi/léi
嗟,jē
嚎,hòuh
囪,chūng
囹,lìhng
囿,yauh
圄,yúh
圜,wōn/wàahn
坍,tāan
坷,hō
垣,wùhn
壼,kwán
妃,fēi
妾,chip
婪,làahm
娼,chēung
婷,tìhng
嫖,pìuh
孀,sēung
孜,jī
宛,yún
寐,meih
屎,sí
屹,ngaht
嶄,jáam
巍,ngàih
巢,chàauh
庶,syu
彊,gēung
彝,yìh
彪,bīu
徉,yèuhng
徜,sèuhng
徬,pòhng
忱,sàhm
忑,tīk
惻,chāk
慫,súng
憩,hei
戌,sēut
戮,luhk
戳,cheuk
捍,hohn
揍,jau
搗,dóu
搥,chèuih
斡,waat
斧,fú
昭,chīu
暉,faī
暱,nīk
曦,hēi
杳,míuh
栓,sāan
槐,wàaih
槳,jéung
欖,láahm
殛,gīk
殤,sēung
毓,yūk
氓,màhn
沁,sam
沌,deuhn
沃,yūk
沼,jíu
泯,máhn
浙,jit
渦,wō
溯,sou
滸,wú
滕,tàhng
瀏,làuh
瀚,hohn
炆,mān
烽,fūng
焰,yihm
熊,hùhng
熨,tong
爿,baahn
犁,làih
猿,yùhn
琉,làuh
瑙,nóuh
咖,ga
璧,bīk
畝,máuh
畦,kwàih
疤,bā
疵,chī
癒,yuh
癥,jīng
皓,houh
眯,máih
睞,loih
睬,chói
睨,ngaih
瞟,píuh
瞼,gím
矯,gíu
砵,but
碘,dín
磕,hahp
礁,jīu
祇,kèih
祗,jī
稠,chàuh
稔,náhm
稟,bán
窟,fāt
窣,sēut
笈,kāp
笠,lāp
笫,jí
筐,kwāang
筍,séun
箸,jyuh
篆,syuhn
籟,laaih
紈,yùhn
紓,syū
絳,gong
緋,fēi
締,dai
緬,míhn
緞,dyuhn
縝,ján
繚,lìuh
缸,gōng
罄,hing
羔,gōu
翳,ai
耆,kèih
肋,laahk/lāak
胱,gwōng
腎,sáhn/sahn
腮,sōi
腩,náahm
臀,tyùhn
臾,yùh
舵,tòh
艙,chōng
茅,màauh
茁,jyut
茹,yùh
莠,yáuh
菠,bō
菇,gū
蔗,je
蕾,léuih/lèuih
薑,gēung
薛,sit
藩,fàahn
虹,hùhng
蜓,tìhng
蛻,teui
蜻,chīng
蜥,sīk
蜘,jī
袒,táan
褓,bóu
褥,yuhk
襤,làahm
覷,cheui
訛,ngòh
詛,jo
諂,chím
諫,gaan
譟,chou
譭,wái
踹,chyún/cháai/yáai
踵,júng
踰,yùh
蹙,chūk
蹣,pùhn
蹺,kíuh/kīu
軋,aat
逞,chíng
逡,sēun
遐,hàh
遏,aat
遼,lìuh
酌,jeuk
酥,sōu
酢,johk
釆,bihn
鋤,chòh
着,jeuk/jeuhk
鍍,douh
鍥,kit
鏢,bīu
鏘,chēung
鐐,lìuh
阱,jehng/jihng
陝,sím
雍,yūng
靖,jihng
靼,daat
韃,taat
韌,yahn/ngahn
颯,saap
颳,gwaat
飪,yahm
飴,yìh
餒,néuih
餡,háam
駿,jeun
骯,ōng
鰭,kèih
鳶,yūn
鶩,mouh
鶯,āng
麾,faī
鼾,hòhn
龜,gwāi
丞,sìhng
亟,gīk
俚,léih
侷,guhk/gúk
俺,áan
僂,léuih
兀,ngaht
冉,yíhm
剋,hāk
匡,hōng
卉,wái
占,jīm/jim
叻,lēk
吭,hòhng
吮,syúhn
呶,nàauh
呤,lìhng
咸,hàahm
唷,yō/yóh
啕,tòuh
唬,fú
啁,jāu
睿,yeuih
喙,fui
喎,wo
嗨,hōi/hāai
嗑,haap
嗆,chēung
嗒,taap/daat/dep1
噎,yit
噁,ok
噤,gam
噠,daaht
嚶,yīng
囫,fāt
圇,lèuhn
壅,yūng
嚟,làih
壑,kok
奎,fūi
奠,dihn
姍,sāan
姘,pīng
姣,hàauh/gáau
姥,móuh
娥,ngòh
婀,ó
婢,péih
媲,pei
嫋,nīu
嬝,nīu
嬤,mā
孑,kit
孽,yiht
宰,jói
寇,kau
寮,lìuh
岐,kèih
岱,doih
峙,jih
崑,kwān
崔,chēui
嶂,jeung
帖,tip
帙,diht
幔,maahn
廬,lòuh
徽,faī
怏,yéung
怩,nèih
怦,pīng
恁,yahm
惦,dim
悼,douh
愜,hip
愍,máhn
啱,ngāam
憋,bit
懨,yīm
單,dāan
戊,mouh
戾,leuih
拌,buhn
抿,máhn
拇,móuh
拷,hāau/háau
捎,sāau
捆,kwán
掬,gūk
掂,dihm/dīm/dim
掮,kìhn
啲,dī
揖,chāp/yāp
搾,ja
搪,tòhng/tóhng
撂,līu
摹,mòuh
撬,giuh
攘,yèuhng
攙,chāam
攣,lyùhn/lyūn
攸,yàuh
敝,baih
斃,baih
旛,fāan
旭,yūk
喺,hái
昵,nīk
晦,fui
曙,chyúh
杏,hahng
杞,géi
杭,hòhng
柵,chaak
枷,gā
栖,chāi
桎,jaht
梧,ǹgh
梆,bōng
梏,gūk
棺,gūn
棱,lìhng
榨,ja
樞,syū
橄,gaam
樵,chìuh
檀,tàahn
檄,haht
櫛,jit
檳,bān
殄,tíhn
殞,wáhn
殯,ban
氨,ōn
氤,yān
氳,wān
汀,tīng
汔,ngaht
汶,mahn
泌,bei
沽,gū
泄,sit
洱,néi/yíh
涸,kok
渤,buht
湮,yān
渭,waih
湃,baai
淼,míuh
漩,syùhn
漣,lìhn
漪,yī
潭,tàahm
潘,pūn
澇,louh
澍,syuh
濘,nihng
瀆,duhk
瀕,bān/pàhn
灶,jou
炊,chēui
炙,jek
烙,lok
煦,héui
煸,pīn
熠,yāp
燉,dahn
燎,lìuh
燠,yūk
燼,jeuhn
爍,seuk
狒,fai/fāt
狡,gáau
狽,bui
狷,gyun
猖,chēung
獗,kyut
獷,gwóng
玖,gáu
單,dāan
琵,pèih
琶,pàh
琛,sām
琦,kèih
瑚,wùh
璀,chēui
璣,gēi
璨,chaan
瓊,kìhng
疹,chán
痙,ging
瘁,seuih
痺,bei
瘍,yèuhng
瘖,yām
瘠,jek
癸,gwai
睏,kwan
瞽,gú
瞿,kèuih
砧,jām
砦,jaaih
硅,gwāi
礫,līk
竇,dau/dauh
竽,yùh
笙,sāng
筷,faai
箋,jīn
篩,sāi
簫,sīu
籐,tàhng
籬,lèih
粟,sūk
紘,wàhng
絃,yìhn
絢,hyun
絹,gyun
綏,sēui
綷,cheui
縐,jau
纓,yīng
罔,móhng
胺,ōn
脛,híhng
腴,yùh
膾,kúi
舔,tím
舷,yìhn
芋,wuh
芭,bā
芥,gaai
苞,bāau
荀,sēun
莘,sān
荳,dauh
薔,chèuhng
薇,mèih
藐,míuh
蘑,mòh
蛀,jyu
蜴,yihk
蜷,kyùhn
蜮,wihk
蝠,fūk
蝸,wō
蝙,bīn
蟒,móhng
蠔,hòuh
衢,kèuih
衾,kām
袛,dāi
襁,kéuhng
襄,sēung
襬,báai
覦,yùh
覬,gei
訥,neuht
詆,dái
誅,jyū
詬,gau
詡,héui
諉,wái
諛,yùh
諜,dihp
諳,ām
諶,sàhm
謔,yeuhk
謗,pong
嘞,laak
謳,āu
貳,yih
貽,yìh
賃,yahm
賸,sihng
贖,suhk/juhk
赭,jé
趿,taat
跋,baht
